{
    "accuracy": 0.7395409918078919,
    "precision": 0.7299471661863592,
    "recall": 0.7603502188868042,
    "f1_score": 0.7448385713410525,
    "roc_auc": 0.8152077602278313
}